Sr Number,Description,Category,Subcategory
,"entertainment music love fun comedy instagram instagood fashion hiphop follow memes news funny trending art dance media artist like photography party movies actor viral events hollywood bollywood event tiktok
press media news photography music covid journalism photojournalism art instagram journalist fashion giondent magazine photographer coronavirus artist instagood photo radio tv cardib like photooftheday youtube radio film singer podcast tv explorepage actress show india entertainer live repost explore dj livemusic funnymemes meme family celebrity rap wedding  instadaily movie awstenknight life 
follow design silkpress work hiphop newspaper gym cardi bardigang training publicrelations a workout print photojournalist stampa canon reporter giondentstyle offset wenevergiveup usa producer socialmedia ",Media & Entertainment,Entertainment
,movies movie film cinema films hollywood love actor  art actress cinematography netflix music moviescenes bollywood instagood filmmaking horror instagram movienight comedy cine cinephile photography drama tv director series celibrity celibrities horrormovies actors moviereview follow like bluray video moviestar instamovies moviequotes peliculas dvd entertainment memes photooftheday marvel movietime fashion movielover filmes action moviebuff disney quotes filmphotography thriller acting artist podcast,Media & Entertainment,Movies
,happy dancechallenge life repost instadance musically likeforlikes bollywood dancevideo trap danza followforfollowback musician video song style dancecover model housemusic india beautiful ballerina voiceover edm house technohappy dancechallenge life repost musically instadance likeforlikes bollywood trap dancevideo musician followforfollowback danza video song style dancecover model photooftheday housemusic classicalmusic classical beautiful house techno ballerina edm,Media & Entertainment,Dance
,art artist love photography drawing instagood artwork photooftheday like instagram fashion beautiful follow picoftheday photo style painting nature artistsoninstagram illustration digitalart happy design sketch cute me arte lifemyself smile beauty instadaily music portrait draw likeforlikes fanart girl travel instaart artoftheday photographer followme contemporaryart selfie anime handmade instalike creative photoshoot makeup sketchbook fun ink tattoo paint drawings likes,Media & Entertainment,Art
,magic love art magician witch nature photography witchcraft witchesofinstagram magical magia harrypotter fantasy instagood beautiful tarot magick life pagan cardistry artist photooftheday instagram healing wicca playingcards mtg cardmagic magicthegathering hogwarts crystals like magictrick meditation spiritual beauty travel spirituality follow cards drawing handmade magicians witches illustration disney picoftheday magictricks sleightofhand cardporn photo fun illusion amazing sunset wizard occult believe,Media & Entertainment,Magic
,painting art artist drawing artwork paint artistsoninstagram illustration contemporaryart sketch instaart watercolor artoftheday arte acrylicpainting draw digitalart love abstractart design portrait paintings artgallery oilpainting photography fineart painter creative modernartacrylic instagood gallery abstract color arts nature instagram artsy artistic drawings artlovers watercolorpainting abstractpainting canvas beautiful handmade digitalpainting fanart artcollector photooftheday  like colors illustrator interiordesign sketching contemporarypainting paintingoftheday,Media & Entertainment,Painting
,photography photooftheday love instagood instagram photo like picoftheday nature follow beautiful fashion photographer art bhfyp likeforlikes instadaily me travel smile myself photoshoot model style instalike followme naturephotography happy likes portrait beauty l life travelphotography canon cute likeforfollow  likeforlike followers followback india girl selfie comment landscape followforfollow fotografia makeup sunset portraitphotography lifestyle likesforlikes summer photographylovers music nikon artist,Media & Entertainment,Photography
,currentaffairs business entertainment style world instadaily lockdown newspaper trump life art upsc stayhome moda youtube update likeforlikes sport followforfollowback meme lifestyle video f photooftheday instanews updates likes technologynews covid india coronavirus instagram follow like media breakingnews music instagood viral fashion trending politics corona noticias memes new football usa sports indonesia berita repost info tv politician rebel,Media & Entertainment,News
,gaming gamer ps game playstation videogames xbox games fortnite twitch memes pc gamers pcgaming xboxone youtube gamingcommunity gta gamergirl nintendo callofduty pubg follow streamer meme esports videogame like cod art funny twitchstreamer instagamer gaminglife pcgamer gamingmemes fortniteclips nintendoswitch gamerlife gameplay pubgmobile online anime csgo minecraft modernwarfare instagram photography destiny pro battleroyale retrogaming youtuber instagood lol gamingsetup,Media & Entertainment,Gaming
,social socialmedia instagram love socialmediamarketing like follow business media  match matchmaking connecting relations relationship making bride groom marriage  family custom photography  facebook design fashion digitalmarketing  branding life socialdistancing digital entrepreneur music community photoindia coronavirus a picoftheday motivation education video happy marketingdigital fitness followme  health friends likeforlikes work online advertising likes news likeforfollow family party seo  beautiful likeforlike web beauty,Social Platform,SocialPlatform
,communication business love leadership design motivation entrepreneur covid branding inspiration socialmedia success communicationskills community digital technology publicspeaking digitalmarketing education instagood relationships art graphicdesign networking instagram photography life trainingmanagement media publicrelations  culture entrepreneurship mentalhealth learning family advertising logo internet language businessowner marketingdigital  creative english creativity speech graphisme growth socialmediamarketing teamwork events happy like  coronavirus,Media & Entertainment,Communications
,collaboration zoom meeting webex screen share screenshare collab  instagood gettogather gather call calling meetinginvite invite style photograph influencer  community follow design like business teamwork covid  lockdown repost instadaily free creativity inspiration  picoftheday handmade fashionstyle  likeforlikes  discover  join beautiful   followforfollowback drawing creative portrait illustration innovation,Collaboration,Collaboration
,matrimonial wedding marriage love matrimony shaadi bride groom vivah lifepartner manglik mangliks life shadi indianwedding soulmate couple marriagebureau matchmaking delhi nikah astrology matrimonialsite mangaldosh mangal weddingplanner manglikboy manglikaliangkrik manglikgirl matrimonialmagazine astrologer horoscope numerology bestmatrimonysite bestmatchmakingsite manglikbhopal weddinginspiration onlinerishtay rishtay bestmatrimonial king prewedding matrimonialservices arrangemarriage freematrimonial weddingseason hogar weddingday caracas happy loveshaadi memes manglikbride weddings couplegoals sabanas edredones punjabimatrimonial,Media & Entertainment,Matrimonial
,event wedding party events eventplanner music love photography birthday dj art eventorganizer weddingplanner instagood like fun fashion design instagram eventplanning festival food follow show catering dance indonesia entertainment liveeventmanagement eventdesign photooftheday decoration bride artist decor happy concert babyshower business  covid weddings livemusic repost lifestyle eventdecor friends corporateevents partyplanner celebration jakarta beautiful style photo,Media & Entertainment,Events
,astrology zodiac horoscope zodiacsigns love tarot astrologer virgo leo scorpio aries astrologymemes astrologyposts libra pisces cancer gemini capricorn  sagittarius aquarius taurus numerology astro zodiacmemes horoscopes astrologia spiritual moonmeditation tarotcards healing spiritualawakening crystals astrologysigns witch vedicastrology vastu zodiacposts tarotreading jyotish astrologersofinstagram witchesofinstagram zodiacsign magic astrologypost energy firesigns zodiacfacts astronomy chakras tarotreadersofinstagram astrologyreadings divination art ,Business & Finance,Astrology
,studying study studygram studymotivation studynotes student notes studyblr studywithme studygrammer studytips studytime motivation studyinspiration studentlife learning education studyhard university school lettering studyspo studyinspo studyaccount bulletjournal studies students bujo college tution subjects knowledge generalknowledge india stationery studyabroad studystudystudy studygramcommunity time exam aesthetic notetaking studystudy studymood science medicine english love studygrambr learn studycommunity estudos art revision apuntesbonitos studymode law exams collegelife instagood notestagram instastudy,Career & Education,Knowledge Base
,stationery studyabroad studystudystudy studygramcommunity time exam aesthetic notetaking studystudy studymood science medicine english love studygrambr learn studycommunity estudos art revision apuntesbonitos studymode o law exams collegelife instagood notestagram instastudy enemartjournaling writing kpop sketchbook calligraphy journals bulletjournalideas artist creativejournal travelersnotebook vintage journaladdict stationary collage creative study handlettering bulletjournalcommunity illustration journalcommunity washi inspiration scrapbook bujocommunity watercolor notes bujolove snailmail photography artistsoninstagram,Career & Education,Journal
,shopping designer handbag purses designerfashion designerbag fashion style  ecommerce onlineshopping love shop instagood shoppingonline outfit moda instafashion like fashionblogger dress shoes fashionista sale beauty follow instagram online returns beautiful design enjoy fashionstyle onlineshop stylish model photooftheday shoponline summer handmade clothes look shoplocal girl foundation  boutique newcollection jewelry clothing toys cute girls lifestyle outfitoftheday bhfyp new luxury makeup streetstyle picoftheday instalike photography likeforlikes shoppingaddict bag bags madeinitaly dresses trendy freeshipping order ship orderhistory shoppingcart cart makeup fleece sportsjacket sportswear,Shopping,Shopping
,digitalmarketing marketing  socialmediamarketing socialmedia business marketingdigital branding seo instagram onlinemarketing advertising digital entrepreneur contentmarketing marketingstrategy digitalmarketingagency marketingtips follow smallbusiness design love webdesign like photography graphicdesign content makeup fashiondigitalmarketingtips empreendedorismo motivation entrepreneurship marketingagency copywriting website success ecommerce  businessowner yourself tiktok copywriter print original onlinebusiness emailmarketing m copywritingtips instagood marketingonline shoes drawing affiliatemarketing watch webdevelopment covid digitalmarketer,Shopping,Marketing
,"scientists science scientist biology chemistry physics research biotechnology sciencefacts sciencememes molecularbiology facts biotech astronomy engineering technology space lablife astrophysics microbiology universe biochemistry earth genetics chemistrymemes instascience knowledge biologists microbiologist 
technology tech innovation engineering iphone business science technews design electronics apple gadgets smartphone instagood programming android pro software samsung computer instatech education coding gadget security mobile oneplus covid biotechnologist cosmos physicsmemes blackhole sciencejokes laboratory nasa dna stem quantumphysics lab biologist laboratorywork biologystudent theoreticalphysics scienceisawesome phd cellbiology biotechnologystudent memes follow india researchers cosmology medicine chemist physicist womeninstem scienceiscool
instagram technologynews techno engineer art ai artificialintelligence robotics tecnologia india cybersecurity marketing startup digital computer future it iot computerscience photography internet follow google gaming developer programmer automation entrepreneur",Information Technology,Science and Technology
,education learning school  motivation students study covid student children india teacher college science knowledge kids learn university business success  community teaching inspiration instagood teachers instagram art english teachersofinstagram life technology health studyabroad career educationmatters fun preschool nonprofit like facts follow family entrepreneur onlinelearning engineering elearning parenting upsc support studygram leadership educational studentlife coronavirus stayhome goals homeschool online,Career & Education,Educational
,teachersofinstagram life technology health studyabroad career educationmatters fun preschool nonprofit like facts follow family entrepreneur onlinelearning engineering elearning parenting upsc support studygram leadership educational studentlife coronavirus stayhome goals homeschool onlinesuccess management memes internship academy knowledge ielts hotelierlife master cheflife hotelier hoteliers studentlife covid degree grooming instituteofhospitality mba best science hotelemployee industrialtraining hotelmanagementstudent hotelmanagementsystem instituteofhospitalitymanagement instituteofhotelmanagement nightwork chikendinner nightshift,Career & Education,Institutions
,books bookstagram book booklover reading bookworm bookstagrammer bookish read booknerd bookaddict bibliophile booksofinstagram instabook love bookaholic bookshelf booksbooksbooks libros readersofinstagram bookphotography reader b booklove instabooks art libri literature authorbookblogger writer bookcommunity quotes library livros novel bookreview writing igreads poetry libro readingtime bookstore writersofinstagram bookclub goodreads instagood literatura instagram romance fantasy fiction photography bookobsessed a leggere life authorsofinstagram,Career & Education,Books
,"history ww art travel photography architecture love nature culture photooftheday  travelphotography instagood historia heritage museum historical instagram worldwar  memes vintage  war picoftheday ig europe historymemes follow 
biography bookstagram drama book history books film movie autobiography cinema movies art booklover bio reading bookworm biografia love music nonfiction author booksofinstagram like resume brand photography lsuseniors valentinesdayphotoshoot 
 ssc upsc finance currentaffairs bank gk ibps ias railwaygermany beautiful ancient  historic music explore  travelgram like old life military world castle a medieval city italia archaeology meme education storia facts landscape wwii upsc thcentury historyfacts
losangelesphotographer littleleaguefootball indoortrack empire southernuniversityseniors orderlizedphotos life mardigrasphotography memoriestolastalifetime comedy teampictures uhigh  porfolio atlantaphotographer newsorleansphotographer batonrougephotographer clearphotography professionalphotographer headshoots easterphotoshoot mughal ashoka  documentary bibliophile artist follow truestory  crime",Career & Education,Historic Personalities
,"coaching coach motivation training fitness mindset  business n love lifecoach a inspiration lifestyle leadership success mind entrepreneur lifecoaching amor life pnl personaltrainer marketing workout  goals instagood mentoring join merge compare documentation
sscchsl ips rrbntpc fintech ncert rrb quiz news railwayexams bankpo education realestate reasoning gkindiahealth inteligenciaemocional selflove motivacion sucesso empreendedorismo crecimientopersonal education personaldevelopment coachinglife  desarrollopersonal foco vida liderazgo  autoestima selfcare  autoconhecimento covid  mentor nutrition happiness 
gkquiz facts motivation indiagk  exams study blockchain exam knowledge bitcoin gknotes ntpc insurance sbipo cryptocurrency gkworld dailycurrentaffairs payments ibpspo technology nda marketing investment success ",Career & Education,Coaching
,banking  business money finance business money investing investment entrepreneur financialfreedom wealth success stocks trading stockmarket invest bitcoin motivation forex realestate investor accounting cryptocurrency covid wallstreet personalfinance entrepreneurship marketing financialliteracy smallbusiness crypto credit banks gkquiz facts motivation indiagk covid exams study blockchain exam knowledge bitcoin investment mortgage gknotes ntpc insurance sbipo cryptocurrency gkworld dailycurrentaffairs payments ibpspo technology nda marketing investing realtor success ,Business & Finance,Banking and Finance
,"realestate realtor realestateagent home property forsale investment realtorlife househunting dreamhome luxury interiordesign newhome luxuryrealestate house homesweethome architecture luxuryhomes realestateinvesting realestatelife realty business design sold realestateinvestor entrepreneur broker homesforsale justlisted 
mortgage realestate realtor mortgagebroker home realestateagent newhome investment property refinance househunting firsttimehomebuyer finance forsale broker loanofficer loans creditrepair mortgagelender homeloans dreamhome creditscore credit realtorlife business money homebuyers properties mortgageratesrealtors luxurylifestyle homeforsale homes mortgage lifestyle remax firsttimehomebuyer love construction homedecor listing invest investing newlisting realestatebroker investor instagood motivation propertymanagement covid money realtorsofinstagram success investmentproperty openhouse homebuyers marketing milliondollarlisting houseforsale
loan listing realty housing homeloan homesforsale homebuying mortgages entrepreneur mortgagetips homesweethome lender financialfreedom justlisted homeowner lending house realtors creditrestoration realestatelife badcredit homebuyer mortgageloans mortgagelife covid realestateinvesting success openhouse mortgageloanofficer homeforsale",Business & Finance,RealEstate and Mortgage
,"business entrepreneur motivation success marketing love money mindset inspiration instagood instagram lifestyle goals entrepreneurship life businessowner smallbusiness bhfyp startup motivationalquotes follow quotes digitalmarketing believe design fashion branding work 
career job jobs jobsearch education business careergoals success motivation work hiring recruitment profession  careerdevelopment college love goals employment resume careers students careeradvice careercoach training interview life entrepreneur careerchange student inspirationhustle inspire positivevibes realestate finance happy socialmedia businesswoman entrepreneurlife happiness motivational covid leadership positivity inspirationalquotes art photography technology socialmediamarketing photooftheday selflove marketingdigital investing wealth bitcoin businessman successquotes forex
nowhiring leadership learning university jobseekers opportunity careertips recruiting humanresources engineering  jobseeker jobsearching future instagood management money india skills study jobhunt marketing technology jobinterview studyabroad follow loker travel mba",Business & Finance,Business
,automobile car cars auto automotive carsofinstagram instacar carlifestyle carporn bmw voiture instacars supercars mercedes automobiles carstagram engine carphotography carlovers porsche photography ferrari classiccars classiccar cargram automotivephotography audi autos vehicleford supercar drive toyota racing v luxury r m mechanic luxurycars s follow carswithoutlimits speed fiat instagram like carspotting sportscar mechanical mercedesbenz instagood renault motorsport bhfyp design vintagecar caroftheday amg,Business & Finance,Automobiles
,insurance lifeinsurance insuranceagent healthinsurance insurancebroker covid business carinsurance investment autoinsurance homeinsurance finance seguros homeinsurance insuranceagency health businessinsurance takaful life family hibah financialplanning insuranceclaim protection money asuransi financialfreedom car insurancepolicy realestatefinancialadvisor florida auto medicalcard commercialinsurance insuranceagents healthcare miami coronavirus insurans broker insurancelife home entrepreneur love insurancecompany claims cars salud asuransikesehatan asuransijiwa insurancebrokers savings  waterdamage insurancecoverage insuranceclaims hibahtakaful obamacare retirementplanning,Business & Finance,Insurance
,childcare daycare preschool children education kids childcareprovider earlylearning earlychildhoodeducation parenting learningthroughplay learning nanny kindergarten toddler earlyyears toddlers covid earlychildhood parents baby school nursery child nannylife preschoolactivities qualitychildcare toddlerlife babysitterbabies family childdevelopment love childcarecenter fun kidsactivities earlyeducation play daycareprovider childcarelife prek playbasedlearning ece childminder childcareprofessional teaching nannyagency daycarelife teachers playmatters babysitting nannies preschoolers momlife homeschool montessori teachersofinstagram coronavirus motherhood,Business & Finance,Daycare
,"electronics technology tech migration database transformation transform engineering iphone gadgets arduino electrical electronic robotics instagood electricalengineering instatech gadget raspberrypi diy apple robot smartphone electronicsengineering innovation techie samsung iot mobile android arduinoproject engineer photooftheday 
technews techy diyelectronics design programming pcb science computers electrician led electronicsprojects oneplus geek arduinouno pro laptops microcontroller computer phone electronicslovers engineers electric electronicsolution homeappliances project onlineshopping fashion sensor music electronica",Information Technology,Electronics and Equipment
,airline aviation boeing avgeek airplane airport airbus aircraft a pilot plane planespotting aviationphotography aviationlovers travel flight instagramaviation cabincrew instaaviation pilotlife b flightattendant aviationdaily airlines aviationgeek flying instaplane megaplaneplanespotter crew avgeeks crewlife boeinglovers airbuslovers takeoff photography spotting airbusa planes cockpit avporn airplanes landing cabincrewlife piloteyes airliner stewardess sky spotter pilots aviationphoto aviationworld aviator airliners canon,Travel & Tourism,Airlines
,cruise cruiseship travel cruiselife cruising vacation ship cruises travelphotography sea royalcaribbean cruiseaddict kreuzfahrt instacruise travelgram instatravel cruiseships cruisetime carnivalcruise cruisevacation ocean wanderlust cruiser cruiseblogger photography cruisetravel cruisegram caribbean travelbloggerlove carnival boat photooftheday sunset meinschiff adventure explore costacruises beach crociere cruiseline harmonyoftheseas instagood tourism sailing symphonyoftheseas oasisoftheseas kreuzfahrtschiff msccruises nature cruiselover allureoftheseas msc costacrociere traveling instagram royalwow summer cruiseshiplife,Travel & Tourism,Cruise
,"hotels hotel travel hospitality hotellife vacation luxury holiday restaurant hotelroom hotelier luxuryhotel restaurants tourism travelgram luxuryhotels interiordesign summer resorts hoteldesign design food beach resort architecture hoteliers love instagood luxurylifestyleturismo hotelroom villa indonesia bali travelphotography covid trip instatravel lifestyle jakarta art hotelier boutiquehotel photooftheday home homedecor hoteldesign follow luxurylifestyle italy chef traveling travelblogger picoftheday pool italy
hotelsandresorts hotelmanagement photography instatravel luxurytravel covid travelphotography nature dubai holidays relax hospitalityindustry lifestyle hoteles traveling interior spa travelblogger hospitalitymanagement beautifulhotels business hotelstyle trip  wanderlust events turismo beautifuldestinations villas",Travel & Tourism,Hotels
,"tourism travel tourist travelgram nature travelphotography photography instatravel vacation trip traveling travelling holiday photooftheday instagood adventure wanderlust travelblogger turismo tour love traveler explore traveltheworld india traveller landscape picoftheday
travel nature photography travelphotography love photooftheday instagood travelgram picoftheday instagram photo beautiful art like naturephotography follow wanderlust happy adventure instatravel fashion travelblogger landscape summer trip style xplorearchitecture beach instatraveling mytravelgram beautiful summer igtravel fun visiting instago italy europe naturephotography sunset mountains instapassport hotel travelblog sea photo art holidays beautifuldestinations like sky italia france photographer travels
photographer traveling vacation model travelling beach likeforlikes lifestyle life india sunset beauty holiday smile me traveltheworld myself instalike mountains followme photoshoot sea music tourism italy traveler portrait europe traveller fun",Travel & Tourism,Travel and Tourism
,"clinics health medical doctors hospital hospitals healthcare doctor covid nurse medicine dental beauty dentistry thailand skincare surgery nurses clinic fitness treatment coronavirus medicina care aesthetics tourism surgeon botox 
hospital covid doctor medical nurse medicine health healthcare doctors medicina coronavirus surgery medico nurselife salud nursing o surgeon nurses medstudent  clinica love enfermagem saude medicalstudent corona medschoolmedicos medlife sa clinic med like pharmacy medicalschool stayhome rn emergency enfermeria anatomy instagram fisioterapia healthy scrubs dental care instagood india enfermera cancer science wellness odontologia
usa aesthetic medicalassistant nursing fillers prp help doctorlife lab love dentist plasticsurgery hospitallife patient aestheticsurgery business cosmeticssurgery restaurants physician cosmeticsurgerythailand aestheticplasticsurgery surgerythailand plasticsurgeryclinic plasticsurgery plasticsurgerybangkokthailand thailandplasticsurgerybangkok india fit plasticsurgerythailand",Health & Fitness,Clinics and Hospitals
,clinicalresearch clinicaltrials research medicine covid healthcare pharmacy health pharmaceuticals pharma biotech science medicalaffairs clinicaltrial biopharma phd clinicalstudies clinical pharmaindustry medical doctor  medicalresearch msl pharmacovigilance medicalscienceliaison pharmaceuticalindustry postdoc drugdevelopment doctor mslsresearchstudy coronavirus academia cra pharmacology pharmaceutical clinicalresearchassociate medicalprofessional pharmacist biotechnology medschool careers cro clinicalresearchcoordinator medstudent clinicaldatamanagement physician pharmacists clinicalstudy globalhealth healtheducation mslsociety treatment medicalstudent cancerresearch womenshealth doctors nurse tampa futureofmedicine,Health & Fitness,Medical Research
,"yoga fitness meditation yogapractice love yogainspiration yogalife yogaeverydamnday mindfulness yogi yogateacher yogalove motivation yogaeveryday workout pilates namaste gym health wellness yogagirl nature yogaeverywhere healthylifestyle yogachallenge peace healing fitnessmotivation yogapose
meditation love mindfulness spirituality healing peace spiritual motivation selflove life inspiration nature selfcare happiness spiritualawakening wellness believe health art energy quotes positivevibes mentalhealth wisdom fitness soul consciousness meditate life selflove yogaposes fit selfcare spirituality bhfyp inspiration art asana instagood yogajourney spiritual lifestyle balance training hathayoga o flexibility happiness sport crossfit reiki exercise healthy instayoga instagram energy yogameditation yogaandmeditation yogaloft
gratitude awakening god faith loveyourself positivity instagood namaste happy crystals zen healthylifestyle yogainspiration mindset yogapractice enlightenment instagram reiki lawofattraction chakras yogalife mind relax lightworker yogi calm beauty yourself lifestyle ",Health & Fitness,Yoga and Meditation
,"livinglife love life lovinglife photography happy instagood lifestyle nature design travel fun blessed motivation adventure explore photooftheday beautiful happiness livingmybestlife like fitness family fashion living instagram livingthedream yogaden
lifestyle love life instagood motivation instagram fitness happy like fashion follow inspiration photography style photooftheday loveyourself quotes happiness success positivevibes beauty goals believe travel yourself selflove mindset natureloveyourself fordbronco smile travelphotography summer positivevibes wanderlust inspiration behappy  havingfun goals outdoors goodvibes interiordesign selflove enjoylife explorepage luxury live beauty art adventures loftliving followme follow covid designblog home hiking yogaloft rehab physiotherapy
model art beautiful instadaily smile music health photo gym picoftheday workout selfie  fit spirituality  inspirationalquotes cute positivity entrepreneur healthy quoteoftheday fitnessmotivation india myself training likes me quote",Health & Fitness,Living and Lifestyle
,"beauty love beautiful fashion makeup style instagood model photography like photooftheday follow cute photo nature skincare happy  smile myself metime selfie me life instadaily nature 
wellness health fitness healthylifestyle selfcare love motivation lifestyle yoga beauty mentalhealth healthy mindfulness healing selflove nutrition healthyliving meditation skincare workout wellbeing gym life instagood inspiration relax fit fitnessmotivation weightlosslifestyle makeupartist portrait photoshoot  lashes instalike insta fitness loveyourself nails cosmetics  viral mental summer fun explorepage  pretty skin memes likes 
happiness covid positivevibes loveyourself vegan massage organic exercise healthyfood natural happy nature training positivity mentalhealthawareness bodybuilding essentialoils personaltrainer fitfam  mindset holistic holistichealth anxiety healthandwellness wellnessjourney  benessere fitnessgirl ",Health & Fitness,Beauty and Wellness
,petshop pet dog pets cat dogs banhoetosa petshoponline petlovers cachorro doglovers instadog dogsofinstagram animalhospital cats instapet puppy doglover petsofinstagram catlovers gatos petstore gato petshopmurah grooming love petstagram kucing veterinarianmascotas animal catfood dogfood veterinaria petshopjakarta petshopsurabaya catsofinstagram dogstagram amor petlover makanankucing cute cachorros perros instagram animals petshopbandung patas vet of doglife petshopindonesia kitten dokterhewan caes instacat puppies veterinary petdoctor,Pets & Animals,Pets and Animals
,"cooking food foodie foodporn instafood foodphotography homemade yummy foodstagram delicious foodlover foodblogger chef cook dinner healthyfood tasty instagood homecooking kitchen lunch baking cookingathome foodies eat foodgasm healthyfood cheflife 
food foodporn foodie instafood foodphotography foodstagram yummy instagood dinner nonveg follow foodblogger foodlover like delicious homemade healthyfood photooftheday picoftheday dinner foodgasm foodies tasty cooking instadaily lunch restaurant vegeterian veg  healthyrecipe instagram foodpics follow like yum restaurant breakfast photooftheday picoftheday dessert foodiesofinstagram cuisine cake vegan foodblog italianfood pasta chicken healthylifestyle homemadefood foodpic stayhome indianfood foodlovers cucina foods sweet cookingtime
eat followme amazing chef smile breakfast foodpics dessert igers travel fitness likes style cake foodiesofinstagram friends photography yum vegan pizza bestoftheday delivery nature summer happy chocolate sweet fun instafollow",Food & Resturant,CookingFood
,recipes food foodie foodporn cooking foodphotography instafood recipe yummy foodstagram foodblogger homemade healthyfood delicious easyrecipes tasty foodlover healthy homecooking healthylifestyle dinner vegan recipeoftheday healthyrecipes chef instagood foodies baking breakfastfoodiesofinstagram lunch foodblog yum love indianfood dessert vegetarian healthyeating foodgasm foodpics chicken nutrition health cookingathome eat cheflife recipeshare homemadefood glutenfree chocolate kitchen cake instagram fitness sweet weightloss veganrecipes recetas yummyfood,Food & Resturant,Recipes
,chefs chef cheflife food foodporn chefsofinstagram foodie cooking foodphotography instafood chefstalk chefslife foodstagram foodlover foodies gourmet foodblogger restaurant culinary gastronomia cook yummy delicious gastronomy instagood chefsroll chefstagram kitchen dinnerchefstable foodlovers instachef love chefsoninstagram foodgasm foodart chefsplateform seafood gastroart theartofplating truecooks catering tasty foods restaurants pastrychef cheflifestyle cooks foodiesofinstagram chefselection healthyfood foodpics lunch chefskills chefstyle masterchef artofplating foodartchefs plating,Food & Resturant,Cheff Celebrity
,musicchannel music epicmusic otakulove lovemusic artwork s fanartwork youtube anime disneyanime youtuber otakumusic animemusicvideos epicvide animevideo kawaiipicture animemusic youtubechannel playlist dance japan musicvideo electronicmusic besvideomusic hiphop kawaii nocopyrightmusic coversong london jogja soundcloud electromusic jakarta tangerang uangkuno semarang surabaya jerman lovelectromusic freevibessoundcafe edm royaltyfreemusic freevibessoundcaf bestfreesound listenforfree michaeljackson musicforfree housemusic banten agenbukalapak rockstar freemusic bandung swedia bestplaylist jualkeris goodmusic instamusic instagood cinematicmusic,Media & Entertainment,Music
,livestream live twitch music livestreaming livemusic youtube streaming dj stream streamer gaming twitchstreamer  podcast stayhome gamer twitchtv covid facebooklive love housemusic quarantine techno ps instagram hiphop twitchaffiliate concert djlife danceonline facebook instagood repost follow party twitchstream videogames newmusic musician singer youtuber art  instagramlive games livestreamer electronicmusic staysafe coronavirus liveshow playstation like singersongwriter house artist guitar fun djset video,Media & Entertainment,Streaming
,musiclessons music musiceducation pianolessons piano musicschool musicteacher guitarlessons guitar onlinemusiclessons musician violinlessons musiclessonsforkids drumlessons violin musiceducationmatters voicelessons onlinelessons pianoteacher drums singing musiced musicteachers musictheory musicteachersofinstagram voice lessons singinglessons musiceducatorprivatemusiclessons drummer guitarist education violinteacher musiclesson vocallessons musicclass musicislife viola onlinepianolessons jazz musicians classicalmusic musicstudent virtualmusiclessons ukulele musicclasses learnmusic pianoph pianist violalessons singer pianolessonsph musiclessonsph musiclessonsonline musicforkids violinstudent onlinelearning homeschool,Media & Entertainment,Music Lessons
,livemusic music concert live musician singer rock guitar concertphotography band instamusic love musicphotography musica newmusic photography livemusicphotography rocknroll artist musicians instagood hiphop guitarist singersongwriter jazz dj liveband party metaldrums songwriter gig rockmusic acoustic art bass song pop musicvideo livestream musicislife instagram bhfyp rap repost dance blues show concertphotographer cover like concertphoto photooftheday musiclife liveshow follow punk,Media & Entertainment,Live Music
,"composer music musician singer producer songwriter piano artist musicproducer pianist guitar love classicalmusic a newmusic musicproduction b art guitarist soundtrack singersongwriter jazz song orchestra composition composerlife musica instamusic actor
musicproduction musicproducer music producer beats beatmaker hiphop flstudio producerlife musician rap newmusic studio artist trap beatmaking dj rapper musicproducers beatsforsale recordingstudio musicstudio soundcloud instrumental studiolife ableton beat trapbeats mixing beats studio musicians filmscore musiccomposer violin arranger rock concert hiphop vocalist electronicmusic jinyoung filmcomposer livemusic beatmaker instrumental film pop spotify drums guitarplayer instagram pianomusic drummer youtube writer musicislife musicvideo compositor
instrumentals producers musicvideo electronicmusic songwriter typebeats beatmakers singer beatstars rappers homestudio musicislife audioengineer musicians recording mastering hiphopbeats musiclife musicproducerlife hiphopmusic protools abletonlive trapmusic musicindustry logicprox bhfyp love spotify instamusic musica",Media & Entertainment,Music Production
,musicstore jualgitar tokoalatmusik jualalatmusik gitarmurah alatmusikbekas jualbelialatmusik musicshop gitarstore guitars music guitar tokogitar jualdrum musician duopoin jualgitarakustik guitarworld indiealatmusik jualalatmusikbekas jualakustik tokoalatmusikbekas rangkasmusik musicalinstrument guitarporn recordstore guitarist effects drummer jualbass stompbox guitarbassaccessories highlevelstore drumaccessories weprovideyourmusicalneeds recordingaccessories loccaccessories weselloriginalproductsonly boutiquepedal drums soundsystem drumshop jualmic jualkeyboard jualsoundsystem jualspeaker jualdrumelektrik jualgitarelektrik jualamplifier jualbiola jualpiano drumbekas jualalatrecording jualmixer drumstore jualstandkeyboard jualsoftwaremusik jualstandbass jualaudionprocessor,Media & Entertainment,Music Shop
,"sport fitness training motivation gym sports workout fit  love instagood fitnessmotivation running like bodybuilding healthy  health crossfit photography  run fun healthylifestyle muscle
athletictraining athlete sportsperformance training strengthandconditioning athleticperformance athletics performancetraining athletictrainer physicaltherapy strengthtraining sportsmedicine workout speedtraining sportsperformancetraining personaltrainer sports sportstraining strengthcoach powertraining motivation athletes injuryprevention athleticdevelopment personaltraining plyometrics functionaltraining fit speedandagility explosivetraining running trackandfield sportspecific exercise gym  agilitytraining strength m trainingmotivation athletetraining sport  tracknation mobility trainingday sportsrehab mobilitywod game basketball trainer coach sportsspecifictraining speed teamgame 
fitfam gymlife photooftheday team personaltrainer nike picoftheday exercise mma sportlife boxing athlete bike basketball  gymmotivation strong cycling style ufc  sportmotivation  calcio instafit",Sports & Games,Sports Training
,acrobatics acro gymnastics circus acroyoga flexibility  handstand fitness training acrobat flexible gymnast balance gym circuslife cirque aerialist parkour circus tumbling aerial acrobatic aerialsilks tricking workout circusaroundtheworld circuseverydamndaydancer flips circusinspiration ballet acrobalance backflip motivation circo freerunning fun flip circusarts aerialhoop contortion movement capoeira acrobaticgymnastics strong love yogainspiration gymnastic aerialdance acroyogafun stretching fit acrobacias trampoline,Health & Fitness,Acrobatics
,sports football sport fitness nfl basketball nba training soccer gym sportsnews workout coaching trainer baseball motivation follow mlb athlete love instagood instagram  like fit  nike life fun running espn hockey fitnessmotivation nhl health sportsphotography boxing lifestyle cricket  nflnews sportswear team futbol sportsnews ball cricket cricketmatch  footbalmatch match tennis covid mma ballislife explorepage art nfldraft collegefootball sportlife nflfootball explore ncaa superbowl athletic soccer stadium packers steeler ,Sports & Games,Sports Celebrity
,sportsnews sports football nfl news breakingnews nba nflnews basketball espn baseball mlb footballnews soccer sport sportsbetting shoutout nhl nbanews follow hockey sportsnation collegefootball like bluejays sportsphotography nfldraft sportsfreakballislife podcast sportsman explorepage freeagency allsportsnews life bettingtips futbol sportsday habs fantasyfootball dailysportsnews cfb sportswear sportscenter toronto sportster explore hockeynews ncaa sportsedits likes nhledits nhlclips nflfootball basketballnews cricket nhlcenternews,Sports & Games,Sports News
,competition giveaway win fitness love training contest analyst analysis sport motivation dance winner follow gym bodybuilding repost art  photography like instagood workout fun prize team athlete giveawaycontest giveaways  sports crossfit horse india equestrian  music dancer bmw photooftheday contestalert passion fitnessmotivation competitiontime artist giveawaytime challenge comp picoftheday gymnastics beauty championship pageant fashionshow ,Events,Competition
,concerts music concert livemusic concertphotography live rock events festivals love musician singer photography festival musicphotography band musica concertphotographer tour metal party concertphoto guitar musicfestival gigs weddings livemusicphotography musicislife rocknrollsicily heavymetal dance art musicians dj classicalmusic concertlife song rockmusic guitarist shows artist liveconcert jazz gig pop instagood s show covid travel instamusic musicfestivals concertphotos hiphop conciertos stage repost ,Media & Entertainment,Concerts
,liveshow live livemusic music concert show singer rock musica band musician metal livestream o lives concertphotography liveperformance youtube podcast stage artist love m guitar instagram hiphop instamusic gig musicians photography musicphotography fiqueemcasa entertainment liveband festival repost liveconcert singers rocknroll liveradio performance rap sertanejo liveinterview dj onstage tour s rockboygzpbgz thunnybrown stuckb fukkkouttaherepodcast rockband fukkkouttaherepodcastshow warhedz rockboygz stuckbfoh sharpshootazent heavymetal,Media & Entertainment,Live Shows
,talentshow talent music talented singer artist musician talentswag dance agt singing love entertainment talentedmusicians singers dancer talentsearch tv talento photography art singersongwriter talents magician talentagency song model tiktok amicisingersofinstagram sing musicvideo talenthunt mexico comedy instagram actor bestvocals show competition simoncowell musica talentmanagement vocals talentcompetition india bollywood bhfyp performer talentedkids gottalent dancers americantalent musicians cover pantomimjakarta poetry sewabadut teamutuk,Media & Entertainment,Talent Shows
,"homeappliances appliances kitchenappliances electronics kitchen home homedecor homeappliance washingmachine refrigerator appliance kitchenware kitchendesign fridge interiordesign cooking technology appliancerepair washer laundry dishwasher onlineshopping oven samsung freezer dryer sale kitchendecor
stove stayhome food delivery design shopping staysafe furniture ledtv peralatanrumahtangga decor interior kitchenappliance kitchenremodel kitchenwares cooker kuwait india warranty airconditioner interiors tools homedecoration peralatandapur livingroom household lawn plumbing watersupply softner ",Home & Gardening,Home Appliances
,"garden nature flowers gardening plants flower photography green naturephotography love gardenlife summer jardin spring gardendesign beautiful garten landscape home plant photooftheday flowerstagram art gardeninspiration instagood mygarden macro plantsofinstagram naturelovers
landscaping landscape landscapedesign lawncare garden gardening construction nature gardendesign landscapephotography landscaper design lawn outdoorliving grass plants lawnmaintenance backyard architecture landscapearchitecture patio flowers photography landscapers hardscape lawnservice gardens mowing lawncarelife gardens flowersofinstagram design photo instagram flowerphotography flores picoftheday organic cactus homedecor gardenlove succulents growyourown architecture plantas tree trees dg travel landscaping instagarden beauty  giardino growyourownfood rose roses plantsmakepeoplehappy
pavers gardenlife trees naturephotography mulch hardscaping gardener paving lawnmowing interiordesign home turf stihl concrete homeimprovement landscapersofinstagram summer landscapingdesign realestate landscapingideas building of lawnmower spring photooftheday contractor outdoors gardeninspiration fencing landscapes",Home & Gardening,Gardening
,homeservices cleaning laundry housekeeping laundryandironing housekeepers brightandbeautiful ironing neighbourly getneighbourly neighbourlybrands homeservice letsliveclean mymethod covid home plumber electricalmechanic  homecare homeimprovementplumbing ac maintenance contractor  staysafe construction watersupply sprinkle,Home & Gardening,Home Services
,"furniture interiordesign homedecor design interior furnituredesign home decor sofa architecture interiors homedesign decoration art furniturejepara livingroom wood mebel vintage luxury handmade interiordesigner furnituremurah furniturejakarta woodworking designer style mebeljepara
lightfixture lighting interiordesign modernlighting lightingdesign design lightdesign light designerlighting lightingdesigner lightingideas lightinginspiration lights interiorlighting homedecor architecture architecturallighting luxurylighting lamp chandelier pendantlight designinspiration interiordesigner productdesign interiorstyle home homelighting interiors decorativelightingkitchen furniturebandung furnituresurabaya interiorstyling lemari instagood designinterior customfurniture kursitamu love furnitureonline mobilya dekorasirumah diy meja furnitureminimalis jualfurniture mebelmurah like lifestyle
interiorinspo ledlighting designlighting interior indoorlighting modern lightfixtures art lamps pendantlamp decor lightingdecor inspiration interiorarchitecture ceilinglight contemporarylighting lightingproject decoration shecleansupnice scrub dirtysecrets missesmakeithappen homedecoration swipe consistencyiskey weekly biweekly triweekly deepclean generalclean",Home & Gardening,Lights and Furniture
,"homeimprovement interiordesign renovation homedecor home construction homerenovation contractor design diy homedesign remodel interior realestate architecture remodeling house roofing building homesweethome beforeandafter painting carpentry flooring kitchen renovations interiors homeimprovements decor loft
homedecor interiordesign home interior decor design homedesign handmade homesweethome art decoration furniture interiors architecture homedecoration love vintage interiordesigner interiordecor dekorasirumah walldecor homestyle diy livingroom interiorstyling luxury instagood inspiration shabbychic builder pressurewashing concrete kitchendesign landscaping smallbusiness bathroom renovationproject tools exteriorpainting newhome homeremodeling homeinspo interiordesigner interiorpainting paint painter dreamhome housepainting roof hgtv contractorsofinsta exteriordesign windows powerwashing backyard roofingcontractor homeinspiration residentialpainting generalcontractor
instahome style o designer kitchen wallart livingroomdecor homeinterior homeinspiration smallbusiness house furnituredesign interiordecorating kitchendesign bedroomdecor homestyling shoplocal lifestyle deco giftideas decora photography artist flowers hiasandinding bedroom wood homemade",Home & Gardening,Home Improvement
,careerdevelopment careergoals career careeradvice careercoach careerchange careergrowth careertips jobsearch careersuccess careercoaching careers careerplanning jobs education success motivation careerpath resume careeropportunities job business resumetips entrepreneur leadership recruitment personaldevelopment jobsearching professionaldevelopmentcareercounseling resumewriter resumehelp careeradvancement jobsearchtips careerguidance resumes training resumewriting careerwoman jobseekers work inspiration resumeservices goals careerhelp coverletter jobseeker coaching hr careercounselling interview growthmindset linkedin covid networking leadershipdevelopment careerservices resumedesign hiring employment jobs jobsearch hiring job recruitment career work resume careers recruiting hr business nowhiring staffing jobseekers humanresources jobhunt covid jobseeker jobopening interview recruiter education employmentopportunities jobinterview vacancy hiringnow jobsearchingmotivation jobopportunity entrepreneur cv staffingagency jobhunting training employee opportunity unemployment jobfair indiajobs jobalert jobshiring employmentlaw success jobposting latestjobs careergoals workfromhome recentjobs idealpersonnel recruitmentagency applynow leadership indianjobs money wearehiring,Career & Education,Career
,programmer talent offshore outsourcing technical techno  dataframe devops aws freelancer Website design java jupyter python pandas php react coder  websitedeveloper browser cloud technology informationtechnology apple google facebook artificial intelligence ai python multicloud solution html svg viewport technicalwriter,Information Technology,Information Technology
